Supplier ID	Supplier Name	Supplier Status
003079	1211 PRODUCTIONS LLC	APPROVED
002125	2253 APPAREL INC. DBA CELEBRITY PINK	APPROVED
002503	26 INTERNATIONAL	APPROVED
000693	47 BRAND	SUSPEND
002043	4WHATITSWORTH INC	APPROVED
000150	5TH & OCEAN CLOTHING	SUSPEND
003084	5TH & OCEAN CLOTHING,LLC	APPROVED
001809	88 INTERNATIONAL	APPROVED
002262	9268294 CANADA INC/SARA JANE/JANIE BESNER	APPROVED
000943	A CLASSIC TIME WATCH COMPANY, INC.	APPROVED
000053	A H SCHREIBER	SUSPEND
000066	A&A GLOBAL INDUSTRIES DBA KOKO S CONFECTIONS	APPROVED
000944	A.V. DENIM-VIGOSS JEANS	APPROVED
002263	A.W. ITEM INC.	APPROVED
002429	A.Y.K. INTERNATIONAL INC.	APPROVED
000277	ACCENT ACCESSORIES, LLC	APPROVED
002846	ACCESSAWEAR, INC.	APPROVED
001269	ACCESSORIES DIRECT INT'L USA INC.	APPROVED
000993	ACCESSORY EXCHANGE	SUSPEND
000140	ACCUTIME WATCH CORP	APPROVED
003169	ACE BAYOU CORP DBA ACE CASUAL FURNITURE	APPROVED
002047	ACME-MCCRARY CORP.	APPROVED
000067	ADAMS & BROOKS INC	APPROVED
000070	ADDED EXTRAS	SUSPEND
002264	ADORN FASHIONS INC.	SUSPEND
002148	ADRIANNA PAPELL	APPROVED
002809	AFTER THE RAIN INTERNATIONAL CORP.	APPROVED
000264	AGE GROUP LTD.	SUSPEND
001193	AGS HK VND	NEW
001194	AGS KOR VND	NEW
000310	AIM EYEWEAR, INC.	APPROVED
001333	AIMEE LYNN INC	NEW
000945	AIMEZ CLOSET, INC.	APPROVED
002149	AJG INC DBA ASTROLOGIE	APPROVED
000714	ALIQUANTUM INTERNATIONAL	SUSPEND
002265	ALLIANCE KNITTERS INC.	APPROVED
000469	ALLSTAR PRODUCTS GROUP	APPROVED
002150	ALLURE EYEWEAR LLC	APPROVED
002120	ALLURE JEWELRY	APPROVED
000160	ALMAR SALES CO	APPROVED
002266	AMBROSIA FASHION GROUP, LLC	APPROVED
002151	AMELOTTE FASHION LTD	SUSPEND
002050	AMEREX GROUP LLC.	APPROVED
001261	AMERICAN CRAFTS	SUSPEND
001274	AMERICAN EXCHANGE TIME	APPROVED
002746	AMERICAN FASHION ACCESSORIES, INC.	APPROVED
001113	AMERICAN JEWEL, LLC	NEW
003118	AMERICHINE DBA BAND OF GYPSIES	APPROVED
002865	AMERICHIP, INC.	APPROVED
000088	AMIEE LYNN BELTS	APPROVED
000488	AMINCO INTERNATIONAL(USA)	SUSPEND
003098	ANANTA SPORTSWEAR LIMITED	APPROVED
000946	ANFIELD APPAREL GROUP, INC.	APPROVED
001328	ANIMAL ADVENTURE	SUSPEND
002058	ANKIT, LLC	APPROVED
002814	ANTHONY CALIFORNIA INC	APPROVED
000947	APOLLO APPAREL GROUP LLC	NEW
000211	AQUASTONE GROUP	SUSPEND
002152	ARDEN JEWELRY MFG INC	APPROVED
000173	AROMA HOME	SUSPEND
000280	AROUND THE WORLD APPAREL	SUSPEND
001161	ART 101 USA, LTD	SUSPEND
000127	ARTESIAN WELLS INC.	SUSPEND
002267	ARTISAN CONCEPT CORP	APPROVED
002268	ASC GROUP, LTD	APPROVED
000242	ASHTEL DENTAL	SUSPEND
000311	ASIA MASTER INT'L LIMITED	SUSPEND
000168	ASPIRE BRANDS LLC	SUSPEND
000038	ASPREY	APPROVED
003358	ASPREY INC (IMPORT)	APPROVED
003162	ASSAEL MILLER CLOTHING COMPANY LLC	APPROVED
002269	AT LAST	APPROVED
002270	ATHRA NJ, INC	APPROVED
000187	ATRIUM ASSEMBLY CORPORATI	APPROVED
000060	AU SOME CANDIES INC.	SUSPEND
000291	AUDIO TECHNOLOGY OF NY IN	SUSPEND
002489	AUGUST SILK	APPROVED
000131	AURORA WORLD INC.	APPROVED
001205	AUSTRALIAN GOLD LLC	APPROVED
000948	AVALON APPAREL GROUP	APPROVED
002797	AVANTI PRESS, INC	APPROVED
000134	AWAKE INC.	SUSPEND
000949	AXIS NA LLC	APPROVED
003012	AXIS NA, LLC	APPROVED
002526	B&D GROUP LLC	APPROVED
002271	B.R.E. INDUSTRIES, INC	APPROVED
002497	BAGATELLE INTERNATIONAL INC	APPROVED
000950	BAILEY BLUE, LLC	APPROVED
000083	BAKER & TAYLOR	SUSPEND
002272	BALLET GROUP	APPROVED
000040	BALLET JEWELS LLC	SUSPEND
002919	BANDAI AMERICA INC	APPROVED
002083	BARTER WORLDWIDE	SUSPEND
002153	BASHA ACCESSORIES, LLC	APPROVED
000069	BASIC FUN	SUSPEND
003090	BAUBLEBAR INC.	APPROVED
002273	BBASE IDG LIMITED	APPROVED
000076	BBCO DBA LUNACHIX	SUSPEND
000144	BCNY INTERNATIONAL INC	APPROVED
000473	BE AMAZING TOYS	SUSPEND
001181	BEARINGTON COLLECTION,INC	SUSPEND
000466	BECKER & MAYER	SUSPEND
002274	BEE DARLIN, INC	APPROVED
000951	BELGO LUX FASHION ACCESSORIES	NEW
001400	BELL INTERNATIONAL LABORATORIES	SUSPEND
001811	BELLDINI INC.	APPROVED
000495	BELLISSIMA ACCESSORIES	SUSPEND
002275	BEMAPSI INC/LADIES CODE	APPROVED
002154	BENNETT AND COMPANY	APPROVED
001307	BERNARDO FASHION	APPROVED
002759	BERNARDO MANUFACTURING	APPROVED
002910	BEST ACCESSORY GROUP LLC	APPROVED
002643	BEST STYLES INC	APPROVED
001343	BEVERLY HILLS TEDDY BEAR COMPANY	APPROVED
003001	BFFL CO. LLC	APPROVED
002420	BIG MOUTH INC.	APPROVED
000953	BIG STRIKE	SUSPEND
002276	BILA	APPROVED
000103	BIOWORLD MERCHANDISING	SUSPEND
003346	BIRCH HILL INC	APPROVED
000955	BJEWEL INC.	APPROVED
002735	BLENDED CLOTHING INC.	APPROVED
002277	BLEU COFFEE LLC	APPROVED
000197	BLIP LLC	APPROVED
001421	BLIP LLC (IMPORTS)	APPROVED
002692	BLISS APPAREL	APPROVED
002714	BLISS APPAREL GROUP LTD	APPROVED
003071	BLISS CHINA DIRECT LTD	APPROVED
002155	BLISS MANUFACTURING DIRECT LTD	APPROVED
000153	BLUE CROSS BEAUTY PRODUCT	SUSPEND
001177	BLUE ORANGE GAMES USA	SUSPEND
000957	BLUE PLANET INTERNATIONAL INC.	APPROVED
001330	BLUE WING INTERNATIONAL GROUP LTD.	APPROVED
002116	BLUPRINT CLOTHING CORP	APPROVED
000448	BOB LICENSING VENTURES LL	SUSPEND
002644	BODYWAVES	APPROVED
000958	BOOM LLC	NEW
000123	BOSSONG HOSIERY	APPROVED
001155	BOSTON AMERICA CORP	APPROVED
000223	BRACED-LETS	SUSPEND
003037	BRAND NAMES HOLDING GROUP	APPROVED
000960	BRANDON THOMAS CO. LLC	APPROVED
000166	BRAVADO INT L GROUP MRCH	APPROVED
000062	BREAKING WAVES INT L	SUSPEND
001175	BREWSTER HOME FASHIONS	APPROVED
002016	BRIGHT GENERATION ENTERPRISES LTD.	SUSPEND
002685	BRILLIANT FASHIONS	SUSPEND
000253	BRILLIANT GLOBAL INC	SUSPEND
002567	BRIXON OVERSEAS LIMITED	APPROVED
000715	B-SIDES ORIGINAL INC	SUSPEND
002156	BULLBOXER USA LLC.	APPROVED
000148	BURLEN CORP	SUSPEND
001368	BWI, LLC	SUSPEND
002278	BY DESIGN LLC	APPROVED
000961	BYER CALIFORNIA	APPROVED
002157	C O INTERNATIONAL	APPROVED
001377	C&E APPAREL	APPROVED
000157	CAHOOTIE LLC	SUSPEND
003168	CALERES INC	APPROVED
001408	CALLARD COMPANY	APPROVED
000225	CAN YOU IMAGINE	SUSPEND
001169	CANAL TOYS USA LTD	APPROVED
001183	CANDY TREASURE, LLC	APPROVED
000126	CANDYRIFIC LLC	SUSPEND
000043	CAPELLI	APPROVED
002279	CAROL DAUPLAISC	APPROVED
002280	CAROLE INC	APPROVED
002281	CAROLE WREN	SUSPEND
000707	CARTE BLANCHE GREETINGS	SUSPEND
002282	CASS NEW YORK INC	APPROVED
000963	CASUAL COOL INC. DBA CREATIVE WORLDWIDE	NEW
002283	CATHERINE STEIN DESIGNS	APPROVED
002127	CAVORT INT'L INC.	APPROVED
002284	CB MARKETING LLC/SUMEC CO. LTD	APPROVED
000054	CE DE CANDY INC.	SUSPEND
002158	CE SOIR LINGERIE CO INC	APPROVED
002285	CEJON ACCESSORIES	APPROVED
002286	CENTRAL CAROLINA HOSIERY	APPROVED
000167	CEPIA LLC	SUSPEND
000213	CERIDIAN SVS	SUSPEND
002287	CHANGSHU FUCHENG CRAFT SILK FASHION CO., LTD	APPROVED
002288	CHANGSHU RICHWELL IMP. & EXPORT CO., LTD	APPROVED
002289	CHANGZHOU SANMIN TEXTILE CO., LTD	APPROVED
002017	CHARTER VENTURES LIMITED	APPROVED
000965	CHATEAU INTERNATIONAL INC.	APPROVED
002754	CHERRY GROUP CO., LTD.	APPROVED
002159	CHINEX APPAREL INC	SUSPEND
000966	CHOON, INC.	NEW
000221	CIRCA 78	SUSPEND
000184	CJ PRODUCTS	SUSPEND
000450	CLIC TIME LLC	SUSPEND
000181	C-LIFE GROUP LTD	SUSPEND
000487	CLOUD B	SUSPEND
002018	CLOVER GROUP INTERNATIONAL LIMITED	APPROVED
001291	COBEST	SUSPEND
001172	CO-BEST HONG KONG CO LTD	SUSPEND
000968	COLE OF CALIFORNIA	SUSPEND
000969	COLLECTION XIIX LTD	APPROVED
000726	COLOSSEUM ATHLETICS CORP	SUSPEND
002485	COMINT APPAREL GROUP	APPROVED
000120	COMMONWEALTH TOY &	APPROVED
000129	CONAIR	APPROVED
002019	CONCEPT CREATOR LIMITED	SUSPEND
000151	CONCEPT ONE ACCESSORIES	SUSPEND
002562	CONCEPTS IN TIME	NEW
000056	CONCORD CONF/SHANKMAN&ASS	APPROVED
002290	CONNECTED	APPROVED
000972	CONSOLIDATED SHOE CO./ TRADE WINDS	APPROVED
000312	CORES ACCESSORIES LTD.	SUSPEND
000970	COSMETIC INDUSTRIES	NEW
002291	COTTON EMPORIUM	APPROVED
000097	COURAGE BRANDS INC	SUSPEND
000711	CP INTERNATIONAL	APPROVED
001157	C-PREME LIMITED LLC	SUSPEND
002160	C-QUEST INC DBA AVA JAMES	APPROVED
002321	C-QUEST INC DBA AVA JAMES	APPROVED
002161	C-QUEST INC DBA ONLY NINE	APPROVED
001179	CRAYOLA LLC	APPROVED
000685	CRA-Z-ART CORP	APPROVED
002639	CREATIVE COLLECTIONS LTD	APPROVED
002292	CREATIVE DESIGN WORKS INC	APPROVED
002293	CREW KNITWEAR, LLC	APPROVED
002645	CRYSTAL KOBE LTD	APPROVED
002020	CRYSTAL MARTIN (HONG KONG) LTD	APPROVED
000179	CRYSTAL TEMPTATIONS	SUSPEND
002239	CSC SHOES TRADING CO.	SUSPEND
002546	CSI INDUSTRIES INC	SUSPEND
000215	CTS SALES LLC	SUSPEND
001252	CUDDLE BARN, INC.	SUSPEND
000713	CUDDLE FACTORY LTD	SUSPEND
002162	CUPID FOUNDATIONS INC	APPROVED
000194	CURE APPAREL	SUSPEND
000472	DAE KOOK CO., LTD	APPROVED
000313	DAE YEON INDUSTRIES CORP	APPROVED
002294	DANECRAFT, INC.	APPROVED
000158	DANIEL M FRIEDMAN & ASSOC	SUSPEND
002295	DANNY/NICOLE	APPROVED
002163	DARIAN GROUP, INC.	APPROVED
002296	DAVID & YOUNG, CO	APPROVED
000971	DAVID PEYSER SPORTSWEAR	NEW
000973	DCK CONCESSIONS CANADA	SUSPEND
000700	DEB & DAVE ACCESSORIES LL	SUSPEND
000078	DECOR CRAFT INC.	APPROVED
000974	DEL CESCA, LLC	APPROVED
000224	DELTA GALIL USA INC	SUSPEND
000314	DELTA GLOBAL SOURCING LTD	APPROVED
003042	DEPECHE MODE CLOTHING CO LLC	APPROVED
000210	DEPESCHE VERTRIEB GMBH &	SUSPEND
000109	DESIGN INTERNATIONAL GRP	SUSPEND
002123	DESIGN NETWORK	APPROVED
000272	DESIGNING STAR	SUSPEND
000261	DEXXXON DIGITAL STORAGE	SUSPEND
002164	DEZINE NEWS INC.	APPROVED
002947	DGL GROUP LTD	APPROVED
000976	DIGICOM DIGITAL	SUSPEND
002165	DIRECT ALTERNATIVES GROUP	APPROVED
000119	DISORDERLY KIDS LLC	SUSPEND
002297	DIVA	APPROVED
002166	DIXIE BELLE TEXTILES INC	APPROVED
002298	DIZZY INC	APPROVED
002299	DML MARKETING GROUP	APPROVED
002536	DO NOT USE AIM EYEWEAR. INC.	SUSPEND
002481	DO NOT USE AMEREX GROUP LLC.	SUSPEND
002460	DO NOT USE ASIA MASTER INT'L LIMITED	SUSPEND
002471	DO NOT USE BRIGHT GENERATION ENTERPRISES LTD.	SUSPEND
002437	DO NOT USE CHARTER VENTURES LIMITED	SUSPEND
002542	DO NOT USE CHUNXIAO JEWELRY CO., LTD.	SUSPEND
002438	DO NOT USE CLOVER GROUP INTERNATIONAL LIMITED	SUSPEND
002520	DO NOT USE CO-BEST HONG KONG CO LTD	SUSPEND
002545	DO NOT USE CONCEPT CREATOR LIMITED	SUSPEND
002439	DO NOT USE CRYSTAL MARTIN (HONG KONG) LTD	SUSPEND
002581	DO NOT USE DAE YEON INDUSTRIES CORP	SUSPEND
002440	DO NOT USE DELTA GLOBAL SOURCING LTD	SUSPEND
002451	DO NOT USE DYNASHAPE INTIMA CORP	SUSPEND
002482	DO NOT USE FABULOUS LIMITED	SUSPEND
002441	DO NOT USE FIONA UNDERWEAR COMPANY LIMITED	SUSPEND
002442	DO NOT USE FTN CO., LTD.	SUSPEND
002540	DO NOT USE FUJIAN PUTIAN MAXGUARD	SUSPEND
002435	DO NOT USE GG INTERNATIONAL MANUFACTURING CO., LTD.	SUSPEND
002472	DO NOT USE GUANGDONG SINGWEAR GRMTS	SUSPEND
002552	DO NOT USE HANGZHOU BRIGHTPEAK GMT. LTD.	SUSPEND
002473	DO NOT USE HANGZHOU XINYI GARMENT CO., LTD.	SUSPEND
002443	DO NOT USE HANSAE CO., LTD.	SUSPEND
002459	DO NOT USE HANSOLL TEXTILE, LTD	SUSPEND
002444	DO NOT USE HUNG FUNG MACAO COMMERCIAL	SUSPEND
002452	DO NOT USE JD UNITED TRADING CORP LTD.	SUSPEND
002483	DO NOT USE JIANGSU GUOTAI INTERNATIONAL GROUP (GUOHUA)	SUSPEND
002548	DO NOT USE JIING SHENG KNITTING CO.,	SUSPEND
002580	DO NOT USE JMI KOREA	SUSPEND
002457	DO NOT USE JOINT FAITH TRADING LTD	SUSPEND
002474	DO NOT USE KENTRIP INDUSTRIES LIMITED	SUSPEND
002549	DO NOT USE KRD IMPORTS, LTD.	SUSPEND
002550	DO NOT USE KWONG YICK KNITTING FACTORY LTD.	SUSPEND
002551	DO NOT USE KYUNG SEUNG CO LTD	SUSPEND
002455	DO NOT USE LEE & CO.	SUSPEND
002475	DO NOT USE LEGEND SWIMWEAR FACTORY LTD.	SUSPEND
002476	DO NOT USE LIU SUN ENTERPRISES INC.	SUSPEND
002533	DO NOT USE MENGMENG ARTS & CRAFTS CO.,LTD	SUSPEND
002477	DO NOT USE MERIDIAN LTD.	SUSPEND
002456	DO NOT USE MERIT TAT INTRNL. LTD	SUSPEND
002433	DO NOT USE MERRY LINK DVLPMNT LTD	SUSPEND
002463	DO NOT USE MICHELLE INTERNATIONAL CO., LTD.	SUSPEND
002590	DO NOT USE MICHELLE INTERNATIONAL CO., LTD.	SUSPEND
002464	DO NOT USE MINJAE FASHION CO., LTD.	SUSPEND
002553	DO NOT USE MOLAX TRADING LIMITED	SUSPEND
002436	DO NOT USE NAMYANG INTL CO., LTD	SUSPEND
002535	DO NOT USE NANTONG A&C TRADE (HK) CO	SUSPEND
002554	DO NOT USE NEO-CONCEPT (HOLDINGS) CO., LTD.	SUSPEND
002555	DO NOT USE NURIAN INTERNATIONAL INC	SUSPEND
002445	DO NOT USE PAN PACIFIC CO LTD	SUSPEND
002478	DO NOT USE PARAWIN INDUSTRIES LIMITED	SUSPEND
002556	DO NOT USE PEE EMPRO/UNDER THE SUN	SUSPEND
002538	DO NOT USE POONG IN TRADING CO LTD	SUSPEND
002453	DO NOT USE PROVERBS TRADING CO.	SUSPEND
002479	DO NOT USE PT. KAHATEX	SUSPEND
002467	DO NOT USE QINGDAO FENGYUAN	SUSPEND
002519	DO NOT USE QINGDAO JUN SUNG CRAFTS CO LTD	SUSPEND
002462	DO NOT USE RIO APPAREL (HK) LTD	SUSPEND
002465	DO NOT USE S.H FASHION CORP	SUSPEND
002458	DO NOT USE SAE-A TRADING CO.,LTD	SUSPEND
002534	DO NOT USE SAISON LIMITED	SUSPEND
002577	DO NOT USE SHANGHAI SUNWIN	SUSPEND
002630	DO NOT USE SHANGHAI SUNWIN	SUSPEND
002468	DO NOT USE SHARTEX BEST WAY INTL CO	SUSPEND
002446	DO NOT USE SHEUNG LI FUNG LTD.	SUSPEND
002532	DO NOT USE SHOE BIZ WORLDWIDE LIMITED	SUSPEND
002531	DO NOT USE SILVER NET GLOBAL LTD.	SUSPEND
002631	DO NOT USE SOUTH ASIA KNITTING FACTORY	SUSPEND
002537	DO NOT USE STYLE ARTS & CRAFT CO LTD	SUSPEND
002227	DO NOT USE SUBLITEX	SUSPEND
002541	DO NOT USE SUNTEX GARMENTS LIMITED	SUSPEND
002461	DO NOT USE SUZHOU HENGRUN IMPORT & EXPORT CORP. LTD	SUSPEND
002521	DO NOT USE TGL(HK)LTD	SUSPEND
002447	DO NOT USE TOP FORM BRASSIERE MFG CO	SUSPEND
002470	DO NOT USE TWEEN BRANDS SV/BARTER WORLDWIDE ES ORIGINALS	SUSPEND
002448	DO NOT USE UNITED SWIMWEAR APPAREL CO.LTD.	SUSPEND
002557	DO NOT USE UNITEDTEX LIMITED	SUSPEND
002637	DO NOT USE VENCO INDUSTRIAL	SUSPEND
002480	DO NOT USE VOGUE & MERCANTILE LTD.	SUSPEND
002558	DO NOT USE WELLSUMTRADING CO. LTD.	SUSPEND
002559	DO NOT USE WINGA GARMENT FACTORY	SUSPEND
002539	DO NOT USE YANCHENG IRID GARMENT CO	SUSPEND
002449	DO NOT USE YUEN FUNG GMT MFG CO., LTD.	SUSPEND
002466	DO NOT USE ZHEJIANG HUINONGSI KNITTING	SUSPEND
002450	DO NOT USE ZHEJIANG SANYUAN HOLDING CO.,LTD	SUSPEND
002585	DO NOT USE ZHEJIANG SPRINGAIR GARMENT GROUP CO.,LTD	SUSPEND
002454	DO NOT USE ZINNTEX	SUSPEND
000283	DOLCE VITA FOOTWEAR	APPROVED
002167	DOLCEVITA INTIMATES LLC	APPROVED
000315	DONGGUAN CHONG WEI INDUST	SUSPEND
000273	DONY (LOS ANGELES) CORP	APPROVED
002168	DORA L INTERNATIONAL INC	APPROVED
002574	DORA L INTERNATIONAL INC. (IMPORT)	APPROVED
000155	DRAGON QUEEN INC	SUSPEND
003170	DREAM RISING COMPANY LIMITED	APPROVED
000478	DREAMS USA, INC	APPROVED
002300	DREAMWEAR, INC.	APPROVED
000147	DUNECRAFT INC	SUSPEND
002412	DYNASHAPE INTIMA CORP	APPROVED
000055	DYNASTY FOOTWEAR	APPROVED
000451	E. MISHAN & SONS	APPROVED
002725	E.L.F. CO., LTD.	APPROVED
000977	E.L.I.S LLC	APPROVED
000979	EAST LION CORP	NEW
000981	EAST STAR SOLUTIONS DBA MOJO MAX	SUSPEND
002301	ECHO DESIGN GROUP	APPROVED
003175	EDGE ACCESSORIES LTD	APPROVED
002117	EL TORO CARMESI LLC DBA FIT4U	APPROVED
000089	ELEGANT HEADWARE	APPROVED
000046	ELEMENTS % JEWELRY SALES	SUSPEND
002302	E-LO SPORTSWEAR	APPROVED
000102	ELOPE INC.	SUSPEND
001396	EMANUEL GERLADO INC.	APPROVED
000234	EMI MUSIC INC	SUSPEND
002303	EMPERIA HANDBAG	SUSPEND
000174	ENCHANTE ACCESSORIES INC	APPROVED
000180	ENESCO LLC DBA GUND	APPROVED
001154	ES ORIGINALS INC.	APPROVED
002760	ESO INTERNATIONAL	APPROVED
001197	ESQUIRE FOOTWEAR	SUSPEND
002506	EVERKIND KNITTERS LTD	APPROVED
002825	EVERSHINE CREATIONS, INC.	APPROVED
002250	EVOLUTION AND CREATION INC	APPROVED
002699	EVOLUTION DESIGN LAB	NEW
000262	EVY OF CALIFORNIA, INC	SUSPEND
002304	EXCEL HANDBAGS CO	SUSPEND
000475	F.A.F INC/CATHERINE STEIN	APPROVED
002609	F.F.T. INTERNATIONAL (H.K.) LTD	SUSPEND
002021	FABULOUS LIMITED	SUSPEND
000316	FAMA HOLDING LIMITED	SUSPEND
000983	FAMMA GROUP	APPROVED
000228	FAN STAMP LLC	SUSPEND
000064	FANG CLOTHING	SUSPEND
000051	FANTAS EYES INC.	APPROVED
000090	FANTASIA ACCESSORIES LTD	APPROVED
000952	FANTASIA WORLD INC.	APPROVED
002673	FANTASY FILES	APPROVED
002169	FARYL ROBIN LLC	APPROVED
002305	FASHION ACCENTS CORP	APPROVED
002071	FASHION ACCESSORY BAZAAR LLC	APPROVED
002306	FASHION AVENUE KNITS	APPROVED
002170	FASHION FOCUS ACCESSORIES INC.	APPROVED
000954	FASHION FORWARD	NEW
002307	FASHION FORWARD NY INC.	APPROVED
002051	FASHION PIN INC.	APPROVED
000317	FASHION WONDER CO., LTD	APPROVED
000146	FAST INNOVATIONS LLC	APPROVED
000956	FASTMAKER	SUSPEND
000095	FEA MERCHANDISING	SUSPEND
002308	FENOMENON FASHION, INC.	APPROVED
002309	FEVER	APPROVED
000709	FIBRE CRAFT MATERIALS COR	SUSPEND
000959	FIESTA JEWELRY	APPROVED
000699	FINE PRINT PUBLISHING CO	APPROVED
000039	FINESSE % JEWELRY SALES	APPROVED
002022	FIONA UNDERWEAR COMPANY LIMITED	APPROVED
003026	FIRST SMART ASIA LIMITED	APPROVED
002743	FIZZ AND BUBBLE	SUSPEND
002618	FLEET STREET LTD	NEW
002310	FOCUS 2000 CORP	APPROVED
000484	FONEFACE, LLC	SUSPEND
000199	FOOD MARKET MERCHANDISING	SUSPEND
002311	FOOTWEAR UNLIMITED	APPROVED
000159	FOR BARE FEET INC	SUSPEND
000105	FORD GUM MACHINE COMPANY	SUSPEND
000318	FOREST, INC	SUSPEND
000232	FORSYTHE COMMETIC GROUP	APPROVED
000962	FORTUNE DYNAMIC INC.	APPROVED
001812	FORTUNE FOOTWEAR INC	APPROVED
002171	FORTUNE SWIMWEAR LLC	APPROVED
000706	FOTORAMA USA, LLC	SUSPEND
002312	FOUR SEASONS HANGBAG	APPROVED
002172	FRED DAVID INTERNATIONAL	APPROVED
000098	FREEZE A DIVISION OF	APPROVED
002732	FREOLLA LLC DBA BANDELETTES	APPROVED
002023	FTN CO., LTD.	APPROVED
000208	FUBULOUS WUBULOUS INC	SUSPEND
002313	FUEGO COLLECTION DBA TIMELINE FASHION	APPROVED
001146	FUJIAN PUTIAN MAXGUARD IMPORT & EXPORT CO.,LTD	APPROVED
001168	FUN EXPRESS, LLC	APPROVED
000177	FUN SWEETS LLC	SUSPEND
002314	FUN YVES INTERNATIONAL CO LTD	APPROVED
000085	FUNDEX GAMES LTD	SUSPEND
001203	FUNKO	NEW
000690	FUNRISE DISTRIBUTION CO	APPROVED
000233	FUNTASTIC	SUSPEND
000319	FUZHOU JIAGE TRADING CO.	SUSPEND
002251	G. GIRL	APPROVED
000289	GAMAGO	SUSPEND
000136	GANZ USA LLC	APPROVED
003142	GB TEKSTIL SAN. VE TIC. LTD. STI.	APPROVED
001189	GBG BEAUTY LLC	SUSPEND
002315	GENA ACCESSORIES, INC.	APPROVED
001253	GENERAL SPORTWEAR CO., INC.	APPROVED
002173	GENNARO INC.	APPROVED
001304	GERTEX USA INC	APPROVED
000481	GG INTERNATIONAL MANUFACTURING CO., LTD.	APPROVED
002646	GGS APPAREL	APPROVED
000720	GIBBS SMITH	SUSPEND
000967	GIC INTL	APPROVED
000112	GIDDY UP LLC	SUSPEND
001810	G-III/CALVIN KLEIN INC.	APPROVED
002174	GLAMORISE FOUNDATIONS INC	APPROVED
000290	GLIMMER BODY ART	SUSPEND
000731	GLITTER TOT LLC	SUSPEND
003171	GLOBAL ACCESSORIES GROUP LLC	APPROVED
002316	GLOBAL CLOTHING NETWORK, INC.	SUSPEND
000276	GLOBAL MERCHANDISING SRVC	SUSPEND
003040	GLOBUS GARMENTS LIMITED	APPROVED
002317	GLORIA LANCE INC	APPROVED
002111	GLOVES INTERNATIONAL	APPROVED
002888	GLY, INC. DBA FLYING MONKEY - MAURICES	SUSPEND
000975	GMPC, LLC.	APPROVED
002689	GOGO INTERNATIONAL PRIVATE LIMITED	SUSPEND
002318	GOLD MEDAL INTERNATIONAL	APPROVED
002720	GOLDEN SOURCES INTERNATIONAL INC	APPROVED
000222	GONZALES ENTERPRISE DBA FIFTH SUN	APPROVED
002319	GOOD EARTH, INTERNATIONAL CORP	SUSPEND
001327	GOOD SINCERE GROUP COMPANY LTD.	APPROVED
000288	GOODY PRODUCTS, INC	SUSPEND
002835	GOPI CORPORATION	APPROVED
002656	GRANDSTEP (HK) LT	SUSPEND
002320	GREAT GIANT FIBRE GARMENT CO., LTD	APPROVED
000320	GREEN TEXTILE CO. LTD	APPROVED
002322	GROUP DRAGON INDUSTRIAL LTD	SUSPEND
000293	GSCM HK LTD	APPROVED
000321	GUANGDONG SINGWEAR GRMTS	APPROVED
000978	GURU KNITS INC	APPROVED
000257	H.E.R. ACCESSORIES, LTD	APPROVED
000125	HACHETTE BOOK GROUP	APPROVED
002323	HAIYANG QINGHONG GARMENT CO LTD	APPROVED
000101	HAKE HEAD LLC	SUSPEND
002252	HANDBAG REPUBLIC, INC	APPROVED
002024	HANGZHOU BRIGHTPEAK GMT. LTD.	SUSPEND
002324	HANGZHOU SUNTEN APPAREL CO LTD	SUSPEND
002025	HANGZHOU XINYI GARMENT CO., LTD.	APPROVED
003017	HANKY PANKY	SUSPEND
001293	HANSAE CO., LTD.	APPROVED
000322	HANSOLL TEXTILE, LTD	APPROVED
003148	HAPPY THREADS LLC	APPROVED
000115	HARKHAM INDUSTRIES	SUSPEND
002175	HARMONY COLLECTION LLC	APPROVED
002753	HARPER COLLINS PUBLISHERS	APPROVED
000301	HARVEST TRADING GROUP INC	SUSPEND
000108	HASBRO INC.	APPROVED
000216	HEALTHY FOOD BRANDS LLC	SUSPEND
000268	HEDSTROM ENTERTAINMENT	SUSPEND
000057	HIGH INTENCITY CORP.	SUSPEND
000263	HIGH POINT DESIGNS, LLC	APPROVED
002709	HIGHLINE UNITED LLC	APPROVED
000323	HIP SING CHINA INDL LTD	APPROVED
002112	HMS PRODUCTIONS	APPROVED
002176	HMS PRODUCTIONS INC	APPROVED
000218	HOG WILD LLC	APPROVED
002696	HOME INSIGHTS	APPROVED
002514	HON FANG GARMENT INDUSTRIAL CORP	APPROVED
002325	HONOUR SERVICES LTD	APPROVED
002941	HOP LUN (HONG KONG) LTD	APPROVED
000697	HORIZON GROUP USA, INC	APPROVED
000118	HORIZON IMPORTS	APPROVED
000239	HOT FOCUS INC	APPROVED
002665	HOT MILK	SUSPEND
000694	HPI HONG KONG LIMITED	SUSPEND
002511	HSR APPAREL GROUP INC	APPROVED
002784	HUALEY KNITWEAR LTD	APPROVED
000687	HUCKLEBERRY TOYS	SUSPEND
002547	HUNG FUNG INTERNATIONAL	SUSPEND
002026	HUNG FUNG MACAO COMMERCIAL	APPROVED
000244	HYBRID APPAREL	APPROVED
000266	HYPNOTIC HATS LTD.	APPROVED
001268	HYUNGJI I&C	SUSPEND
000091	IDEA NUOVA	SUSPEND
000282	IDEAVILLAGE PRODUCTS CORP	SUSPEND
001167	IK MULTIMEDIA US, LLC	SUSPEND
002933	ILSONG TRADING CO LIMITED	SUSPEND
000047	IMAGININGS 3	APPROVED
000042	IMPACT CONFECTIONS	APPROVED
002253	IMPACT STUDIOS NY	APPROVED
000243	IMPECCA USA	SUSPEND
000241	IMPERIAL TOY LLC	SUSPEND
002177	IMPO INTERNATIONAL	APPROVED
000113	IN MOCEAN GROUP LLC	SUSPEND
002326	INFINITY CLASSICS INC	APPROVED
001152	INKOLOGY INC.	APPROVED
000980	INMOCEAN	NEW
002950	INNOVATIVE CREATIVE SOLTUIONS LLC	APPROVED
000260	INNOVATIVE DESIGNS LLC	APPROVED
002706	INT S.A.	APPROVED
002178	INT TRADING USA LLC	APPROVED
000982	INTER PARFUMS INC	APPROVED
000183	INTERNATIONAL ARRIVALS	APPROVED
003113	INTERNATIONAL TRADING SERVICES LTD	APPROVED
001164	INTIMO LICENSING INC	APPROVED
002327	ISA&STEF, LLC	APPROVED
000470	ISAAC MORRIS LTD	APPROVED
000141	ISCREAM	APPROVED
002328	ITALIAN SHOEMAKERS, INC.	SUSPEND
000722	IT'S SUGAR,LLC	APPROVED
000200	IVY TRADING INC	SUSPEND
000493	J. AMERICA INC	SUSPEND
000494	J. AMERICA INC (IMPORT)	SUSPEND
002329	J. KENRICH, INC.	APPROVED
000985	J. P. ORIGINAL CORP.	NEW
002179	J.R. NITES	APPROVED
000984	J\F DESIGN	APPROVED
000986	JACKSON CORPORATION	APPROVED
002254	JADE APPAREL, INC.	APPROVED
000987	JADE MARKETING GROUP, LLC	APPROVED
003136	JAINSON'S INTERNATIONAL INC.	NEW
000464	JAKKS SALES CORP	APPROVED
000106	JA-RU INC.	SUSPEND
002180	JAVA CLOTHING CO	APPROVED
000033	JAY AT PLAY INT L HK LTD	SUSPEND
000209	JAY FRANCO & SONS INC	SUSPEND
000133	JAZWARES	APPROVED
002181	JBDC LLC DBA JONI B	APPROVED
002182	JBS LIMITED	APPROVED
000728	JD BEAUTY GROUP	APPROVED
002027	JD UNITED TRADING CORP LTD.	APPROVED
002330	JEAN TOUCH INC.	APPROVED
002255	JELLY POP SHOES/EVOLUTIO	APPROVED
000461	JERRY LEIGH	SUSPEND
000201	JESCO FOOTWEAR INC	SUSPEND
002331	JIANGSU ANIMAL BY-PRODUCTS IMPORT AND EXPORT GROUP CORP	APPROVED
002747	JIANGSU GUOTAI GUOSHENG CO LTD	APPROVED
000477	JIANGSU GUOTAI INTERNATIONAL GROUP (GUOHUA)	SUSPEND
001292	JIANGSU GUOTAI INTERNATIONAL GROUP (GUOMAO) CO LTD	SUSPEND
002502	JIANGSU GUOTAI LITIAN ENTERPRISES	APPROVED
002509	JIAXING BYB GARMENTS CO. LTD	APPROVED
000324	JIING SHENG KNITTING CO.,	SUSPEND
002332	JIU DA INTERNATIONAL LTD	APPROVED
002663	JIVA DESIGNS PVT. LTD.	APPROVED
002333	JJ BASICS, LLC	APPROVED
002334	JJI INTERNATIONAL, INC.	APPROVED
000325	JMI KOREA	APPROVED
000988	JNJ APPAREL	APPROVED
000175	JODI KRISTOPHER INC	SUSPEND
001008	JOE BENBASSET	APPROVED
000326	JOINT FAITH TRADING LTD	SUSPEND
002516	JONES APPAREL GROUP USA INC	APPROVED
002649	JOU JOU/BBC APPAREL	APPROVED
002183	JULIA JORDAN	APPROVED
002335	JUNIOR GALLERY LTD	APPROVED
001235	JUST PLAY, LLC	APPROVED
002336	JUVEN'S INC	APPROVED
000176	K & M INTERNATIONAL	SUSPEND
000932	K AND M ASSOCIATES, L.P.	APPROVED
002517	KAHN LUCAS LANCASTER	APPROVED
001159	KAHOOTZ	SUSPEND
002740	KAN CAN USA, INC.	APPROVED
000099	KANDY KISS OF CALIFORNIA	SUSPEND
003106	KANGAROO MANUFACTURING INC.	APPROVED
000989	KASH APPAREL	APPROVED
002337	KASHION INDUSTRY CO., LTD	APPROVED
002338	KASPER GROUP LLC	APPROVED
002601	K-BELL SOCKS INC. - DRESSBARN	APPROVED
000080	KBL GROUP INTERNATIONAL	SUSPEND
000997	KELLWOOD	APPROVED
001166	KELLYTOY WORLDWIDE INC	APPROVED
002184	KENILWORTH CREATIONS INC	APPROVED
002340	KENSINGTON SQUARE	APPROVED
001158	KENT DISPLAYS	APPROVED
002341	KENTH PRODUCTIONS	APPROVED
002028	KENTRIP INDUSTRIES LIMITED	SUSPEND
001182	KID GALAXY	SUSPEND
000939	KID KREATIONS	APPROVED
000068	KIDS MANIA INC	APPROVED
001259	KIDS PREFERRED	APPROVED
000121	KIDSCENTS LLC	SUSPEND
000202	KIKKERLAND DESIGN INC	SUSPEND
001317	KIND, LLC	APPROVED
002498	KING AH KNITTING FACTORY	APPROVED
000327	KINGS FOOTWEAR LIMITED	SUSPEND
001303	KITSCH LLC	SUSPEND
002185	KIYONNA CLOTHING INC	APPROVED
000170	KLEIN INTERNATIONAL LTD	SUSPEND
000287	KLUTZ INC	SUSPEND
002186	KOMAR INTIMATES LLC	APPROVED
002513	KOSTROMA LTD	APPROVED
000230	KRAFT FOODS GLOBAL	SUSPEND
000114	KRAFT FOODS GLOBAL INC	SUSPEND
000990	KRAZY KAT SPORTSWEAR	APPROVED
002029	KRD IMPORTS, LTD.	SUSPEND
000063	KWDZ MANUFACTURING LLC	APPROVED
002030	KWONG YICK KNITTING FACTORY LTD.	SUSPEND
001294	KYUNG SEUNG CO LTD	SUSPEND
002342	L & J ACCESSORIES	APPROVED
002604	L & LEUNG LEATHERWARE LTD. - DRESSBARN	SUSPEND
000964	L.A.T LLC	SUSPEND
000991	LA MAMBA LLC	NEW
002704	LA REGALE	APPROVED
002187	LANCO APPAREL LLC/DBA NINA LEO	APPROVED
002343	LAND N SEA/COUNTERPARTS	APPROVED
000231	LAVA LITE LLC	SUSPEND
002832	LDC, INC.	APPROVED
000999	LDLA CLOTHING CO.	SUSPEND
002188	LE HOOK ROUGE LLC	REVIEW
000328	LEE & CO.	APPROVED
000163	LEE LEONARD ASSOCIATE LLC	SUSPEND
000992	LEEBE APPAREL	APPROVED
002189	LEG APPAREL LLC.	APPROVED
000995	LEGEND FORMOSA	APPROVED
002031	LEGEND SWIMWEAR FACTORY LTD.	SUSPEND
001000	LENOVATI DBA. 3ENA	SUSPEND
000996	LESILU PRODUCTIONS	SUSPEND
002344	LESILU PRODUCTIONS	SUSPEND
000998	LETY&S FASHION DESIGN	APPROVED
001346	LEXIBOOK AMERICA	SUSPEND
001005	LF ACCESSORIES GROUP LLC	SUSPEND
001388	LF CENTENNIAL PTE LTD	SUSPEND
000256	LF PRODUCTS PTE. LTD	APPROVED
000035	LI&FUNG (TRADING) LIMITED	SUSPEND
000036	LI&FUNG(TRADING)LIMITED	SUSPEND
000195	LICENSE 2 PLAY INC	SUSPEND
002408	LIFE MADE	APPROVED
002603	LIKE DREAMS INC / DIV. OF RMLL DBA CAROLE WREN	SUSPEND
003347	LINEA PELLE INC	NEW
003117	LINON HOME DÃ‰COR PRODUCTS, INC.	APPROVED
000161	LITTLE EARTH PROD. INC	SUSPEND
002032	LIU SUN ENTERPRISES INC.	APPROVED
002345	LJP INTERNATIONAL	APPROVED
002346	LONDON TIMES: DIV OF MAGGY LONDON INTERNATIONAL	APPROVED
002190	LONGEVITY BRANDS LLC	APPROVED
001202	LONGSTREET	APPROVED
000295	LOTTA LUV BEAUTY LLC	APPROVED
000082	LOTTA LUV LLC	SUSPEND
000073	LUDO	APPROVED
000186	LUMINENCE LLC	SUSPEND
000130	LUX ACCESSORIES	APPROVED
002191	LYDELL JEWELRY DESIGN	APPROVED
002192	LYSSE PARTNERS LLC	APPROVED
001160	M&S ACCESSORY NETWORK	APPROVED
000708	M.HIDARY & CO.,INC	SUSPEND
000124	M.J. CARLYLE & CO.	SUSPEND
001195	MAD ENGINE, INC.	SUSPEND
002347	MADISON MAIDENS INC.	APPROVED
000725	MAESA INC	APPROVED
002193	M-A-G APPAREL INC.	SUSPEND
001204	MAGIC TIME INT'L LIMITED	SUSPEND
002194	MAGICSUIT BY @ SEA	APPROVED
002197	MAINSTREAM SWIMSUITS DBA MIRACLESUIT BY SWIMSHAPER	APPROVED
001001	MAJCO APPAREL INC	APPROVED
001002	MAJOR APPAREL GROUP, INC.	NEW
001003	MALIBU DESIGN GROUP	NEW
002770	MALLORY RENEE INC.	APPROVED
002348	MANNING TRADING COMPANY, INC.	APPROVED
002256	MARAIS, L&M DIRECT LLC.	APPROVED
001006	MARAN INC.	NEW
001196	MARIANNA INDUSTRIES	SUSPEND
002195	MARKETING INNOVATINS INT'L	APPROVED
000079	MARKWINS INTERNATIONAL	SUSPEND
000087	MARS CHOCOLATE NA LLC	SUSPEND
002991	MAS ACME USA	APPROVED
000156	MASTER TOYS & NOVELTIES	APPROVED
002749	MATRIX CLOTHING PVT LTD	APPROVED
000128	MATTEL SALES CORP.	SUSPEND
002261	MAU SHELL 12	NEW
002349	MAU WING INDUSTRIAL LTD	APPROVED
000024	MAXIMUM EXPOSURE, INC	SUSPEND
000206	MAYA GROUP	SUSPEND
001201	MAYKAH	SUSPEND
000162	MEDERER USA INC	APPROVED
000217	MELE JEWEL BOX	SUSPEND
001178	MELISSA & DOUG LLC	SUSPEND
000214	MELVILLE CANDY COMPANY	APPROVED
001433	MENGMENG ARTS & CRAFTS CO.,LTD	SUSPEND
001185	MERI MERI INC	APPROVED
002033	MERIDIAN LTD.	APPROVED
000329	MERIT TAT INTRNL. LTD	APPROVED
000330	MERRY LINK DEVELOPMENT(MCO) LTD.	APPROVED
000270	MEYE PRODUCTS GROUP, LLC	SUSPEND
000137	MG PARTNERS LLP DBA FASHION ANGELS ENT.	APPROVED
000110	MGA ENTERTAINMENT INC	SUSPEND
000479	MGA ENTERTAINMENT, INC	APPROVED
002196	MGF SOURCING	APPROVED
003054	MGF SOURCING US, LL	NEW
000071	MIA SHOES INC	APPROVED
002657	MIA WORLDWIDE CO	SUSPEND
002350	MICHELIN STAR, INC.	APPROVED
002064	MICHELLE INTERNATIONAL CO., LTD.	APPROVED
000084	MIGHTY FINE	SUSPEND
002351	MILLENIUM CLOTHING	APPROVED
002510	MILLENNIUM CO. LTD	APPROVED
002352	MILLIORE FASHION INC.	APPROVED
001431	MINJAE FASHION CO., LTD.	SUSPEND
002143	MISS SPORTWEAR	APPROVED
002982	MJM JEWELRY CORP	SUSPEND
000438	MLM TEST VENDOR 1	APPROVED
000440	MLM TEST VENDOR 3	REJECT
001007	MOA MOA INC.	SUSPEND
000914	MODA AARON CO., LTD.	APPROVED
002353	MODERN SHOE COMPANY	SUSPEND
002354	MODES CORWIK INC.	APPROVED
002198	MODO EYE WEAR	APPROVED
001295	MOLAX TRADING LIMITED	APPROVED
002199	MONDANI HANDBAGS & ACCESSORIES INC	APPROVED
000286	MONDELEZ GLOBAL LLC	SUSPEND
001320	MONOGRAM INTERNATIONAL INC.	SUSPEND
001424	MOOSE TOYS PTY LTD	APPROVED
000698	MOOSE TOYS PTY LTD (IMPORT)	APPROVED
002124	MOTIVES CHINA	APPROVED
002200	MOTIVES FAR EAST LIMITED	APPROVED
002417	MUST GARMENT CORPORATION LTD.	SUSPEND
002246	MUTUAL BOND INTERNATIONAL (HK) LTD.	APPROVED
000235	MY MICHELLE	SUSPEND
000142	MZ BERGER & CO INC	SUSPEND
000480	NAMYANG INTL CO., LTD	APPROVED
002146	NANJING USA	APPROVED
000331	NANTONG A&C TRADE (HK) CO	APPROVED
000041	NATALIA MARKETING	APPROVED
000196	NATURAL PRODUCTS LTD	APPROVED
000710	NEO-CONCEPT (HOLDINGS) CO., LTD.	SUSPEND
000449	NES JEWELRY INC	APPROVED
000716	NES JEWELRY INC	NEW
000059	NESTLE USA	SUSPEND
000701	NEW DIMENSIONS	APPROVED
002201	NEW DIRECTION	APPROVED
000169	NEW ERA CAP. INC	SUSPEND
002612	NEW KEEN ASIA LIMITED	APPROVED
000259	NEW WORLD SALES	SUSPEND
002202	NEW YORK ACCESSORY GROUP	APPROVED
003161	NEWSAGA FASHION INC	APPROVED
002203	NEXT GENERATION INTIMATES INC.	APPROVED
002355	NICOLA AKA PROTREND	APPROVED
000332	NINGBO ZHENHAI CHENGDI	SUSPEND
001009	NITIN ENTERPRISES	APPROVED
003359	NMNY GROUP LLC	APPROVED
000730	NO. 8 BRANDS	APPROVED
002717	NOBLETEX CO., LTD	APPROVED
002204	NOTATIONS	APPROVED
000489	NOVELTY POSTER CO. INC	SUSPEND
001174	NOW INNOVATIONS DBA WORX TOYS	SUSPEND
000111	NTD APPAREL INC.	SUSPEND
002356	NUANCE INDUSTRIES INC	APPROVED
000300	NUDE-FRUIT, INC	SUSPEND
001296	NURIAN INTERNATIONAL INC	SUSPEND
002357	NYC ALLIANCE GROUP LLC	APPROVED
002358	NYCAL, INC	SUSPEND
002827	OH SUGAR!	APPROVED
000104	OHC GRP LLC DBA ONLY	SUSPEND
001010	OK ORIGINALS LTD.	NEW
000459	OLIVIA MILLER	SUSPEND
001188	OMG! ACCESSORIES	APPROVED
002205	ONCE AGAIN	APPROVED
002206	ONEWORLD APPAREL LLC	APPROVED
000496	ONTEL PRODUCTS CORP	SUSPEND
002207	ONYX NITE	APPROVED
001011	ORANGE INTERNATIONAL INC.	APPROVED
001012	ORION FASHIONS	SUSPEND
001013	ORLY SHOE CORPORATION	SUSPEND
003051	ORSTAR INDUSTRIAL CO LTD	APPROVED
000172	OUTERSTUFF LTD	SUSPEND
000296	OZWEST, INC	SUSPEND
000164	PACIFIC WORLD CORP.	SUSPEND
000269	PACIFIC WORLDWIDE, INC.	SUSPEND
002500	PACO ENTERPRISES LIMITED	APPROVED
002359	PAGODA INT'L FOOTWEAR	APPROVED
000279	PAN OCEANIC EYEWEAR	SUSPEND
001297	PAN PACIFIC CO LTD	APPROVED
000117	PANLINE USA INC.	SUSPEND
001014	PAPER CUT CLOTHING	NEW
000297	PAPILLON ACCESSORIES	APPROVED
002360	PAPILLON INTERNATIONAL INC.	APPROVED
000298	PAR MARR AND ASSOC.	SUSPEND
002698	PARADISE KIDS	APPROVED
002034	PARAWIN INDUSTRIES LIMITED	APPROVED
000712	PARRAGON	APPROVED
002208	PAST SEASON	APPROVED
000333	PAVILION INVESTMENT LTD	SUSPEND
001403	PDT LTD.	APPROVED
000100	PEACEABLE KINGDOM PRESS	SUSPEND
001184	PEACHTREE PLAYTHINGS INC	APPROVED
002490	PEARL GLOBAL (HK) LIMITED	APPROVED
002035	PEE EMPRO/UNDER THE SUN	SUSPEND
001015	PEER TEE, INC.	SUSPEND
001156	PEM-AMERICA INC	APPROVED
002209	PENBROOKE SWIMSUITS, INC.	APPROVED
002210	PENDLETON WOOLEN MILLS INC	APPROVED
002114	PENINSULA KNITTERS LIMITED	SUSPEND
001406	PENS PAINT AND PAPER INC	APPROVED
002361	PERCEPTIONS, INC	APPROVED
002362	PERFECT IMAGE ACCESSORIES	APPROVED
000037	PERFETTI VAN MELLE USA	APPROVED
001310	PETER PAUPER PRESS, INC.	APPROVED
001198	PEZ CANDY INC.	SUSPEND
001016	PI CLOTHING LLC	SUSPEND
000462	PLAY VISIONS, INC.	SUSPEND
000226	POOF-SLINKY INC	SUSPEND
001173	POONG IN TRADING CO LTD	APPROVED
000086	POP ROCKS INC	SUSPEND
002779	POPSOCKETS LLC	APPROVED
000485	POPSTAR CLUB, LLC	SUSPEND
000274	POPSTAR PUBLICATIONS, INC	SUSPEND
000143	POPSTAR PULISHING LLC	SUSPEND
002826	PPI APPAREL GROUP	APPROVED
000691	PRETTY WOMAN, LLC	APPROVED
000334	PREX CO., LTD.	APPROVED
000094	PRIME SOURCE ACCESSORIES	SUSPEND
000695	PRIME TIME TOYS LLC	APPROVED
002363	PRIMETIME NYC	APPROVED
002679	PRINTX H.K. LIMITED	APPROVED
002364	PRIVATE LABEL/KASPER GROUP LLC	APPROVED
002036	PROVERBS TRADING CO.	SUSPEND
003048	PT PAN PACIFIC JAKARTA	SUSPEND
002037	PT. KAHATEX	SUSPEND
002786	PT. STARCAM APPAREL INDONESIA	SUSPEND
000229	PUMPONATOR INC	SUSPEND
002582	PUNCH FASHIONS	APPROVED
001427	QINGDAO CHUNXIAO JEWELRY CO., LTD.	APPROVED
001429	QINGDAO JUN SUNG CRAFTS CO LTD	SUSPEND
002365	QUALITY RESOURCING SERVICES LLC	APPROVED
002867	QUEST USA CORP	APPROVED
002211	R & M RICHARDS, INC	APPROVED
000077	R M PALMER	SUSPEND
002606	R.M.L.L. D/B/A CAROLE WREN, INC.	APPROVED
000686	RADZ BRANDS, LLC	SUSPEND
002366	RAFAC INTERNATIONAL, INC	APPROVED
002849	RAYTIK, LTD DBA BLACK DIAMOND ACCESSORIES	APPROVED
000729	RBI TOYS INC	SUSPEND
002212	RDG GLOBAL LLC.	APPROVED
000203	REEVES INTERNATIONA. INC	SUSPEND
002213	REGENT GLOBAL SOURCING LLC	APPROVED
000092	REPORT FOOTWEAR	SUSPEND
000190	RETAIL SALES SOLUTIONS	SUSPEND
002214	REUNITED CLOTHING	APPROVED
000122	REVISE CLOTHING INC.	APPROVED
000335	RICH TECH TRADING LTD	SUSPEND
000205	RICHARDSON BRANDS COMPANY	SUSPEND
003019	RICHLINE GROUP INC DBA INVERNESS	APPROVED
000336	RIO APPAREL (HK) LTD	SUSPEND
000149	RIVSTAR APPAREL LLC	SUSPEND
000941	ROB	REJECTED
000942	ROB	REJECTED
002215	ROCK FIT LLC DBA MARIKA	APPROVED
000154	ROCKET USA INC	SUSPEND
003126	ROFFE ACCESSORIES	APPROVED
001018	ROGER GARMENTS	SUSPEND
002367	ROGER GARMENTS LLC	APPROVED
000165	ROMANE FRAGRANCES LLC	SUSPEND
002368	RONNIE NICOLE/THARAN CO., DRESS GROUP, LLC	APPROVED
002369	ROSA BLU TEXTILE CO LTD	APPROVED
002370	ROUSSO APPAREL GROUP	APPROVED
000278	ROXO LLC	SUSPEND
000457	RUBIE'S COSTUME CO INC	SUSPEND
003015	RUMORS APPAREL INC	SUSPEND
002371	RUNWAY GLOBAL LIMITED/RUNWAY FASHIONS	APPROVED
003067	RUYI DESIGN AND MANUFACTURE INC	APPROVED
002626	S.H. FASHION	SUSPEND
002372	S.L. FASHIONS	APPROVED
002216	S.ROTHSCHILD & CO	APPROVED
000337	SAE-A TRADING CO.,LTD	APPROVED
000338	SAISON LIMITED	APPROVED
000107	SAKAR INTERNATIONAL INC.	SUSPEND
002217	SALTY INC	APPROVED
001308	SAMSUNG C&T AMERICA, INC	APPROVED
001373	SANTA FE APPAREL LLC	APPROVED
000689	SANTOKI LLC	SUSPEND
002218	SARA LEE INTIMATES & HOSIERY	APPROVED
000267	SARINA ACCESSORIES	APPROVED
002979	SATURDAY KNIGHT LTD	APPROVED
002373	SCARLETT JR'S	APPROVED
000703	SCENTCO. INC	APPROVED
000491	SCHOOLBAGS FOR KIDS, LLC	APPROVED
003085	SCHYLLING INC	APPROVED
000193	SCHYLLING TOYS	SUSPEND
000049	SCORPIO LTD	SUSPEND
000236	SCRATCH TRACKS LLC	SUSPEND
000339	SEBANG CHAIN CO.LTD	APPROVED
001302	SECRET CHARM LLC	APPROVED
001180	SEEDLING USA, INC	SUSPEND
000340	SEIGEE JEWELRY CORP	SUSPEND
002219	SEQUIN	APPROVED
002220	SEVEN 7 KNITS, LLC	SUSPEND
002221	SEVEN LICENSING COMPANY,	SUSPEND
000721	SEW EASY INDUSTRIES, INC	APPROVED
000483	SG FOOTWEAR	SUSPEND
002374	SG FOOTWEAR	APPROVED
001019	SHALOM INTERNATIONAL CORP	APPROVED
000482	SHANDONG FUHONG CLOTHING	SUSPEND
002038	SHANDONG HAIYANG IMPORT AND EXPORT CO.,LTD.	SUSPEND
000341	SHANGHAI KERINE SUN TEXTILES LTD	APPROVED
002375	SHANGHAI SHENDA II LLC	APPROVED
002245	SHANGHAI SHENGDA TEXTILE CO., LTD.	APPROVED
002039	SHANGHAI SUNWIN INDUSTRY GROUP CO., LTD.	APPROVED
002607	SHARAGANO	APPROVED
000342	SHARTEX BEST WAY INTL CO	APPROVED
003082	SHAZURI LLC	APPROVED
002040	SHEUNG LI FUNG LTD.	APPROVED
001381	SHOE BIZ WORLDWIDE LIMITED	APPROVED
000284	SHOWER SHAVE DBA WAS FRAMED!	SUSPEND
002376	SHUN FU INTERNATIONAL GROUP CO., LTD.	APPROVED
000285	SHURTECH BRANDS, LLC	SUSPEND
000490	SHWINGS	SUSPEND
001020	SILVER JEANS/WESTERN GLOVE WORKS	APPROVED
001331	SILVER NET GLOBAL LTD.	SUSPEND
000467	SIMON & SCHUSTER	APPROVED
000486	SINGING MACHINE COMPANY	SUSPEND
002377	SIONI APPAREL GROUP DBA PREMIER GARMENT	SUSPEND
000152	SKAFFLES LLC	SUSPEND
000265	SKYHIGH INTERNATIONAL LLC	APPROVED
002378	SKYTEX MEXICO S.A. DE C.V.	APPROVED
001254	SNDZ OVERSEAS CO., LTD.	APPROVED
001021	SNOBBISH	SUSPEND
002222	SNOWDEN BROTHERS LLC.	APPROVED
000271	SOCKS & ACCESSORY BRANDS	APPROVED
002619	SOHO APPAREL LTD	APPROVED
000727	SOLAR CLUB LLC	APPROVED
000343	SOLVE IT CO.	APPROVED
003014	SONDRA ROBERTS	SUSPEND
000052	SONY MUSIC SPECIAL PRODCT	SUSPEND
002414	SOPHIA'S HERITAGE COLLECTION	APPROVED
002041	SOUTH ASIA KNITTING FACTORY	APPROVED
002487	SOUTH OCEAN KNITTERS LIMITED	APPROVED
001022	SOUTHSTREET	SUSPEND
000460	SOXLAND INTERNATIONAL	SUSPEND
002223	SOXLAND INTERNATIONAL, INC.	APPROVED
002224	SPANX INC	APPROVED
000238	SPARK INNOVATORS CORP.	SUSPEND
000145	SPARK STUDIOS. LLC.	APPROVED
002379	SPEED SOURCING, INC.	APPROVED
000254	SPICY CLOTHING CO. LLC DBA TAKEOUT	SUSPEND
001256	SPIN MASTER	APPROVED
000207	SPOTMODE LLC	SUSPEND
002225	SQUEEM	APPROVED
000476	SQUISHABLE.COM, INC	SUSPEND
000192	SQWISHLAND RETAIL LLC	SUSPEND
000116	STARLIGHT ACCESSORIES	APPROVED
002257	STARLUME INC.	APPROVED
002380	STATEMENT ACCESSORIES	APPROVED
002381	STEPHAN & CO.	APPROVED
000065	STEVIES	APPROVED
000292	STONY APPAREL INC	APPROVED
000227	STORCK USA L.P.	SUSPEND
002382	STRAW STUDIOS LLC	APPROVED
000458	STREAMLINE	SUSPEND
000171	STREET PLAYERS HOLDING	SUSPEND
002226	STUDIO ONE	APPROVED
000050	STYLE ACCESSORIES INC	APPROVED
001299	STYLE ARTS & CRAFT CO LTD	SUSPEND
002052	SUBLITEX	SUSPEND
000723	SUCK UK	NEW
003110	SUMEC TEXTILE & LIGHT INDUSTRY CO., LTD.	APPROVED
001023	SUN BAN FASHIONS INC.	NEW
003114	SUNNY DAYS ENTERTAINMENT, LLC	APPROVED
002228	SUNRISE APPAREL GROUP, LLC	APPROVED
002736	SUNSCAPE EYEWEAR	APPROVED
000344	SUNTEX GARMENTS LIMITED	APPROVED
002229	SUSAN LAWRENCE	APPROVED
000345	SUZHOU HENGRUN IMPORT & EXPORT CORP. LTD	APPROVED
002383	SUZHOU RANGE APPAREL CO LTD	APPROVED
002384	SUZHOU RICH-TIGER TEXTILE & GARMENT CO LTD	APPROVED
001024	SWAT FAME INC	APPROVED
002230	SWEET PEA LIMITED, INC.	APPROVED
002145	SWIM HEADQUARTERS	APPROVED
002385	SYMPLE SOLUTIONS (USA) LLC	APPROVED
002386	T&Y FASHION LTD	SUSPEND
002258	TAI APPAREL, INC.	APPROVED
002387	TAI NAN TEXTILES LIMITED	APPROVED
001289	TAIR JIUH ENTERPRISES CO., LTD	APPROVED
003132	TAKBO LIMITED	APPROVED
002803	TAL GLOBAL ALLIANCES LIMITED	APPROVED
000724	TANYA CREATIONS	APPROVED
002388	TANZARA INT.	APPROVED
001277	TASTE BEAUTY	APPROVED
002600	TAYLOR DRESS	APPROVED
003073	TEFRON LTD	APPROVED
001025	TEMPTED APPAREL CORP	APPROVED
002700	TERRITORY BUSINESS CO., LTD	APPROVED
002231	TERRY BICYCLES	APPROVED
001026	TEXO TREND INC.	SUSPEND
002389	TEXO TREND INC/DBA J LEE	APPROVED
002390	TEXTILE CREATIONS INC.	SUSPEND
000346	TGL(HK)LTD	SUSPEND
002469	THE ASEAN CORPORATION	APPROVED
000198	THE BRIDGE DIRECT LLC	SUSPEND
002981	THE GINA GROUP	APPROVED
000189	THE HERSHEY COMPANY	APPROVED
002391	THE HONESTIEST ENTERPRISE CO LTD	SUSPEND
002507	THE LEVY GROUP INC	APPROVED
002232	THE NES GROUP	APPROVED
000034	THE ORB FACTORY LTD	APPROVED
000281	THE WISH FACTORY INC	SUSPEND
000294	THE WISH FACTORY LTD(HK)	SUSPEND
000302	THINK GEEK, INC	SUSPEND
000492	THIRD STREET APPAREL	SUSPEND
000185	THREE CHEERS FOR GIRLS	APPROVED
001171	THRYV BRANDS INC	APPROVED
002675	THUMBS UP (UK) LIMITED	APPROVED
002881	TILLSONBURG COMPANY LTD	APPROVED
002392	TINTEX FASHION LTD	APPROVED
000191	TMI ACQUISITIONSLLC	APPROVED
002523	TOMY INTERNATIONAL, INC.	APPROVED
003064	TONEWAWA PTY LTD	APPROVED
001143	TOP FORM BRASSIERE MFG CO	APPROVED
001448	TOP JING INTERNATIONAL CO., LTD.	SUSPEND
000704	TOP OF THE WORLD	APPROVED
002591	TOPLINE CORPORATION	APPROVED
000061	TOPPS	APPROVED
001027	TOPSON DOWNS OF CA	APPROVED
000093	TOWNLEY INC	APPROVED
001192	TOY BOX LIMITED	SUSPEND
000135	TOYSMITH	APPROVED
001336	TPF TOYS LIMITED	APPROVED
002259	TRADE WINDS IMPORTING, L	APPROVED
002925	TRANS OCEAN ENTERPRISES INC	APPROVED
002393	TREND TEXTILE	APPROVED
000471	TRENDS INTERNATIONAL	APPROVED
000058	TRI COASTAL DESIGN	APPROVED
000719	TRINITI DESIGNS	APPROVED
001028	TRIPLE ACCESSORIES INC.	APPROVED
002394	TRISCO (OVERSEAS) LTD	APPROVED
001029	TRIXXI CLOTHING CO. INC.	APPROVED
000705	TRU FRAGRANCE BEAUTY LLC	SUSPEND
001030	TRUE LOVE ACCESSORIES	SUSPEND
001165	TURBIE TWIST LP	SUSPEND
002395	TURN ON PRODUCTS/DBS YOUNIQUE	APPROVED
000439	TVENDOR2	REJECTED
002426	TWBSCO HK	SUSPEND
002427	TWBSCO KR	SUSPEND
002428	TWBSCO SH	SUSPEND
002842	TWEEN TEAM AGENCY INC.	APPROVED
002233	TWO-ONE-TWO	APPROVED
000139	TY INC.	APPROVED
002617	UBASE INTERNATIONAL INC.	APPROVED
002886	UCC DISTRIBUTING INC.	APPROVED
000096	UNCLE MILTON INDUSTRIES	SUSPEND
001031	UNGER FABRIK LLC	APPROVED
002650	UNION SHOES COMPANY LMITED	APPROVED
002486	UNITED LEGWEAR	APPROVED
002042	UNITED SWIMWEAR APPAREL CO.LTD.	SUSPEND
001144	UNITEDTEX LIMITED	SUSPEND
000072	UNIVERSAL MUSIC & VIDEO	APPROVED
000074	UNIVERSITY GAMES	SUSPEND
002396	UPSKY TRADING LTD	APPROVED
001032	URBAN EXPRESSIONS	SUSPEND
000299	USA LICENSED BOWS	SUSPEND
001170	USAOPOLY	APPROVED
002397	V. FRAAS USA INC	APPROVED
002234	VALENTINE USA, INC.	APPROVED
003342	VALJEAN INTERNATIONAL INC. DBA LA RADIANT	APPROVED
000237	VALOR COMMUNICATION INC	SUSPEND
001394	VAN RODEN DBA WELLSPRING	SUSPEND
000044	VANDALE INDUSTRIES INC	APPROVED
002235	VELROSE LINGERIE	APPROVED
002119	VENCO INDUSTRIAL	SUSPEND
002236	VERLA INTERNATIONAL, LTD	APPROVED
000204	VESTURE GROUP INC	APPROVED
001348	VICTORIA CLASSICS	NEW
000347	VICTORY KNITTING FACTORY	SUSPEND
002398	VISIONLAND CO; LTD (IMP)	APPROVED
000182	VISTAR CORPORATION	SUSPEND
000688	VIVID IMAGINATIONS FAR E.	APPROVED
000348	VOGUE & MERCANTILE LTD.	APPROVED
001033	VOLAR FASHION LLC	APPROVED
002621	VOLUMECOCOMO APPAREL, INC	APPROVED
002399	W & W CONCEPT, INC	APPROVED
001387	WE ASSOCIATES	SUSPEND
002400	WEAVER APPAREL	APPROVED
000468	WEIHAI COMFER TRADING CO.	SUSPEND
001374	WEIHAI TEXTILE GROUP IMPORT AND EXPORT CO., LTD.	SUSPEND
002044	WELLSUMTRADING CO. LTD.	SUSPEND
002401	WELSON TRADING LIMITED	APPROVED
000075	WESTMINSTER	SUSPEND
002113	WESTPORT CORP	APPROVED
002402	WESTPORT CORPORATION	APPROVED
000188	WHOMP CHARMZ LLC	SUSPEND
000178	WIESNER PRODUCTS INC	SUSPEND
002902	WILD HORSES APPAREL, LLC	APPROVED
000138	WILD PLANET ENTERTAINMENT	SUSPEND
000349	WING HENG ENTERPRISES LTD	SUSPEND
002045	WINGA GARMENT FACTORY	SUSPEND
002614	WINNER BENEFIT LIMITED	NEW
002403	WISEKNIT FACTORY LTD	APPROVED
002622	WOODLAND TRADING	APPROVED
000447	WOOKY ENTERTAINMENT INC	APPROVED
000718	WOOKY ENTERTAINMENT INC	NEW
002260	WORKERS FOR FREEDOM USA, INC	APPROVED
000474	WORLD EASY INT'L INDUSTRI	SUSPEND
001200	WORLD TRADE GOLDEN NUGGET LTD.	SUSPEND
000220	WORLDWIDE DYNASTY DBA H2W	SUSPEND
000692	WOWWEE GROUP, LTD	SUSPEND
002782	WOWWEE USA, INC.	APPROVED
000045	WRIGLEY SALES CO.	APPROVED
002237	Y & Z WORLD DEVELOPMENT INC.	APPROVED
000350	YANCHENG IRID GARMENT CO	APPROVED
002053	YANTAI YAQI TEXTILE CO.	APPROVED
002724	YEE TUNG GARMENT CO., LTD.	APPROVED
002054	YIXING MAGNOLIA GARMENT CO LTD	APPROVED
000132	YORK WALLCOVERINGS INC	SUSPEND
000258	YOU AND ME LEGWEAR	SUSPEND
002405	YOUNG BAE FASHION, INC	APPROVED
000275	YOYO LIP GLOSS, INC	APPROVED
002046	YUEN FUNG GMT MFG CO., LTD.	APPROVED
001034	ZACH'S WAX	SUSPEND
000212	ZEIKOS	SUSPEND
002406	ZG APPAREL GROUP LLC	APPROVED
002407	ZHEJIANG CHARM WINNER GARMENTS CO	APPROVED
000351	ZHEJIANG HUINONGSI KNITTING	APPROVED
002048	ZHEJIANG SANYUAN HOLDING CO.,LTD	APPROVED
001382	ZHEJIANG SPRINGAIR GARMENT GROUP CO.,LTD	APPROVED
000922	ZHUCHENG AOHUA TEXTILE CO	SUSPEND
001316	ZIGI USA, LLC	APPROVED
002869	ZIMPLI KIDS INC	APPROVED
002049	ZINNTEX LLC	APPROVED
003173	ZINNTEX LLC	APPROVED
000696	ZIPIT USA	SUSPEND
002944	ZOOFY INTERNATIONAL LLC	APPROVED
000219	ZORBITZ INC	APPROVED
002238	ZZ FASHION CORP. DBA DANIEL RAINN	APPROVED
